{
    "loss": 22.845823287963867,
    "accuracy": 0.4313725531101227
}